ÆµÂÊ£¨Hz£©,¹¦ÂÊ£¨dBm£©,Ç°·Å¿ª¹Ø,AC/DC,IQ/É¨Æµ,µÍÉäÆµÖ±²É,¹¦ÂÊ¼Æ¶ÁÊý,ÆµÆ×ÒÇ¶ÁÊý,²îÖµ
1e+07,-10,OFF,AC,É¨Æµ,OFF,0,-9.9,-9.9
2e+07,-10,OFF,AC,É¨Æµ,OFF,0,-9.9,-9.9
3e+07,-10,OFF,AC,É¨Æµ,OFF,0,-9.9,-9.9
4e+07,-10,OFF,AC,É¨Æµ,OFF,0,-9.94,-9.94
5e+07,-10,OFF,AC,É¨Æµ,OFF,0,-10,-10
6e+07,-10,OFF,AC,É¨Æµ,OFF,0,-9.99,-9.99
7e+07,-10,OFF,AC,É¨Æµ,OFF,0,-9.99,-9.99
8e+07,-10,OFF,AC,É¨Æµ,OFF,0,-10,-10
9e+07,-10,OFF,AC,É¨Æµ,OFF,0,-10,-10
1e+08,-10,OFF,AC,É¨Æµ,OFF,0,-10,-10
1.1e+08,-10,OFF,AC,É¨Æµ,OFF,0,-9.99,-9.99
1.2e+08,-10,OFF,AC,É¨Æµ,OFF,0,-10,-10
1.3e+08,-10,OFF,AC,É¨Æµ,OFF,0,-9.99,-9.99
1.4e+08,-10,OFF,AC,É¨Æµ,OFF,0,-9.99,-9.99
1.5e+08,-10,OFF,AC,É¨Æµ,OFF,0,-10,-10
1.6e+08,-10,OFF,AC,É¨Æµ,OFF,0,-9.97,-9.97
1.7e+08,-10,OFF,AC,É¨Æµ,OFF,0,-9.98,-9.98
1.8e+08,-10,OFF,AC,É¨Æµ,OFF,0,-10,-10
1.9e+08,-10,OFF,AC,É¨Æµ,OFF,0,-10.01,-10.01
2e+08,-10,OFF,AC,É¨Æµ,OFF,0,-10,-10
2.1e+08,-10,OFF,AC,É¨Æµ,OFF,0,-10.03,-10.03
2.2e+08,-10,OFF,AC,É¨Æµ,OFF,0,-10.01,-10.01
2.3e+08,-10,OFF,AC,É¨Æµ,OFF,0,-9.98,-9.98
2.4e+08,-10,OFF,AC,É¨Æµ,OFF,0,-9.97,-9.97
2.5e+08,-10,OFF,AC,É¨Æµ,OFF,0,-9.99,-9.99
2.6e+08,-10,OFF,AC,É¨Æµ,OFF,0,-10,-10
2.7e+08,-10,OFF,AC,É¨Æµ,OFF,0,-9.98,-9.98
2.8e+08,-10,OFF,AC,É¨Æµ,OFF,0,-9.99,-9.99
2.9e+08,-10,OFF,AC,É¨Æµ,OFF,0,-10,-10
3e+08,-10,OFF,AC,É¨Æµ,OFF,0,-9.99,-9.99
3.1e+08,-10,OFF,AC,É¨Æµ,OFF,0,-9.99,-9.99
3.2e+08,-10,OFF,AC,É¨Æµ,OFF,0,-10,-10
3.3e+08,-10,OFF,AC,É¨Æµ,OFF,0,-9.99,-9.99
3.4e+08,-10,OFF,AC,É¨Æµ,OFF,0,-9.98,-9.98
3.5e+08,-10,OFF,AC,É¨Æµ,OFF,0,-9.99,-9.99
3.6e+08,-10,OFF,AC,É¨Æµ,OFF,0,-9.99,-9.99
3.7e+08,-10,OFF,AC,É¨Æµ,OFF,0,-9.99,-9.99
3.8e+08,-10,OFF,AC,É¨Æµ,OFF,0,-10,-10
3.9e+08,-10,OFF,AC,É¨Æµ,OFF,0,-10.01,-10.01
4e+08,-10,OFF,AC,É¨Æµ,OFF,0,-9.99,-9.99
4.1e+08,-10,OFF,AC,É¨Æµ,OFF,0,-9.97,-9.97
4.2e+08,-10,OFF,AC,É¨Æµ,OFF,0,-9.98,-9.98
4.3e+08,-10,OFF,AC,É¨Æµ,OFF,0,-9.99,-9.99
4.4e+08,-10,OFF,AC,É¨Æµ,OFF,0,-9.99,-9.99
4.5e+08,-10,OFF,AC,É¨Æµ,OFF,0,-10,-10
4.6e+08,-10,OFF,AC,É¨Æµ,OFF,0,-10,-10
4.7e+08,-10,OFF,AC,É¨Æµ,OFF,0,-9.99,-9.99
4.8e+08,-10,OFF,AC,É¨Æµ,OFF,0,-9.98,-9.98
4.9e+08,-10,OFF,AC,É¨Æµ,OFF,0,-9.98,-9.98
5e+08,-10,OFF,AC,É¨Æµ,OFF,0,-9.99,-9.99
5.1e+08,-10,OFF,AC,É¨Æµ,OFF,0,-9.97,-9.97
5.2e+08,-10,OFF,AC,É¨Æµ,OFF,0,-9.98,-9.98
5.3e+08,-10,OFF,AC,É¨Æµ,OFF,0,-10,-10
5.4e+08,-10,OFF,AC,É¨Æµ,OFF,0,-10,-10
5.5e+08,-10,OFF,AC,É¨Æµ,OFF,0,-9.99,-9.99
5.6e+08,-10,OFF,AC,É¨Æµ,OFF,0,-9.99,-9.99
5.7e+08,-10,OFF,AC,É¨Æµ,OFF,0,-9.99,-9.99
5.8e+08,-10,OFF,AC,É¨Æµ,OFF,0,-9.98,-9.98
5.9e+08,-10,OFF,AC,É¨Æµ,OFF,0,-9.97,-9.97
6e+08,-10,OFF,AC,É¨Æµ,OFF,0,-9.98,-9.98
6.1e+08,-10,OFF,AC,É¨Æµ,OFF,0,-9.99,-9.99
6.2e+08,-10,OFF,AC,É¨Æµ,OFF,0,-9.98,-9.98
6.3e+08,-10,OFF,AC,É¨Æµ,OFF,0,-9.99,-9.99
6.4e+08,-10,OFF,AC,É¨Æµ,OFF,0,-10,-10
6.5e+08,-10,OFF,AC,É¨Æµ,OFF,0,-9.98,-9.98
6.6e+08,-10,OFF,AC,É¨Æµ,OFF,0,-9.99,-9.99
6.7e+08,-10,OFF,AC,É¨Æµ,OFF,0,-9.99,-9.99
6.8e+08,-10,OFF,AC,É¨Æµ,OFF,0,-9.98,-9.98
6.9e+08,-10,OFF,AC,É¨Æµ,OFF,0,-9.98,-9.98
7e+08,-10,OFF,AC,É¨Æµ,OFF,0,-9.98,-9.98
7.1e+08,-10,OFF,AC,É¨Æµ,OFF,0,-9.98,-9.98
7.2e+08,-10,OFF,AC,É¨Æµ,OFF,0,-9.98,-9.98
7.3e+08,-10,OFF,AC,É¨Æµ,OFF,0,-9.98,-9.98
7.4e+08,-10,OFF,AC,É¨Æµ,OFF,0,-9.99,-9.99
7.5e+08,-10,OFF,AC,É¨Æµ,OFF,0,-9.97,-9.97
7.6e+08,-10,OFF,AC,É¨Æµ,OFF,0,-9.96,-9.96
7.7e+08,-10,OFF,AC,É¨Æµ,OFF,0,-9.98,-9.98
7.8e+08,-10,OFF,AC,É¨Æµ,OFF,0,-10,-10
7.9e+08,-10,OFF,AC,É¨Æµ,OFF,0,-10,-10
8e+08,-10,OFF,AC,É¨Æµ,OFF,0,-9.97,-9.97
8.1e+08,-10,OFF,AC,É¨Æµ,OFF,0,-9.99,-9.99
8.2e+08,-10,OFF,AC,É¨Æµ,OFF,0,-9.98,-9.98
8.3e+08,-10,OFF,AC,É¨Æµ,OFF,0,-9.97,-9.97
8.4e+08,-10,OFF,AC,É¨Æµ,OFF,0,-9.97,-9.97
8.5e+08,-10,OFF,AC,É¨Æµ,OFF,0,-9.97,-9.97
8.6e+08,-10,OFF,AC,É¨Æµ,OFF,0,-9.97,-9.97
8.7e+08,-10,OFF,AC,É¨Æµ,OFF,0,-9.96,-9.96
8.8e+08,-10,OFF,AC,É¨Æµ,OFF,0,-9.97,-9.97
8.9e+08,-10,OFF,AC,É¨Æµ,OFF,0,-9.97,-9.97
9e+08,-10,OFF,AC,É¨Æµ,OFF,0,-9.96,-9.96
9.1e+08,-10,OFF,AC,É¨Æµ,OFF,0,-9.93,-9.93
9.2e+08,-10,OFF,AC,É¨Æµ,OFF,0,-9.97,-9.97
9.3e+08,-10,OFF,AC,É¨Æµ,OFF,0,-9.98,-9.98
9.4e+08,-10,OFF,AC,É¨Æµ,OFF,0,-9.96,-9.96
9.5e+08,-10,OFF,AC,É¨Æµ,OFF,0,-9.96,-9.96
9.6e+08,-10,OFF,AC,É¨Æµ,OFF,0,-10.01,-10.01
9.7e+08,-10,OFF,AC,É¨Æµ,OFF,0,-9.99,-9.99
9.8e+08,-10,OFF,AC,É¨Æµ,OFF,0,-9.94,-9.94
9.9e+08,-10,OFF,AC,É¨Æµ,OFF,0,-9.93,-9.93
1e+09,-10,OFF,AC,É¨Æµ,OFF,0,-9.97,-9.97
1.01e+09,-10,OFF,AC,É¨Æµ,OFF,0,-9.96,-9.96
1.02e+09,-10,OFF,AC,É¨Æµ,OFF,0,-9.97,-9.97
1.03e+09,-10,OFF,AC,É¨Æµ,OFF,0,-9.96,-9.96
1.04e+09,-10,OFF,AC,É¨Æµ,OFF,0,-9.97,-9.97
1.05e+09,-10,OFF,AC,É¨Æµ,OFF,0,-9.96,-9.96
1.06e+09,-10,OFF,AC,É¨Æµ,OFF,0,-10,-10
1.07e+09,-10,OFF,AC,É¨Æµ,OFF,0,-9.99,-9.99
1.08e+09,-10,OFF,AC,É¨Æµ,OFF,0,-9.94,-9.94
1.09e+09,-10,OFF,AC,É¨Æµ,OFF,0,-9.91,-9.91
1.1e+09,-10,OFF,AC,É¨Æµ,OFF,0,-9.97,-9.97
1.11e+09,-10,OFF,AC,É¨Æµ,OFF,0,-10.01,-10.01
1.12e+09,-10,OFF,AC,É¨Æµ,OFF,0,-10.01,-10.01
1.13e+09,-10,OFF,AC,É¨Æµ,OFF,0,-9.97,-9.97
1.14e+09,-10,OFF,AC,É¨Æµ,OFF,0,-9.97,-9.97
1.15e+09,-10,OFF,AC,É¨Æµ,OFF,0,-9.98,-9.98
1.16e+09,-10,OFF,AC,É¨Æµ,OFF,0,-9.99,-9.99
1.17e+09,-10,OFF,AC,É¨Æµ,OFF,0,-9.98,-9.98
1.18e+09,-10,OFF,AC,É¨Æµ,OFF,0,-9.99,-9.99
1.19e+09,-10,OFF,AC,É¨Æµ,OFF,0,-10.01,-10.01
1.2e+09,-10,OFF,AC,É¨Æµ,OFF,0,-9.98,-9.98
1.21e+09,-10,OFF,AC,É¨Æµ,OFF,0,-9.98,-9.98
1.22e+09,-10,OFF,AC,É¨Æµ,OFF,0,-9.98,-9.98
1.23e+09,-10,OFF,AC,É¨Æµ,OFF,0,-9.99,-9.99
1.24e+09,-10,OFF,AC,É¨Æµ,OFF,0,-9.99,-9.99
1.25e+09,-10,OFF,AC,É¨Æµ,OFF,0,-9.98,-9.98
1.26e+09,-10,OFF,AC,É¨Æµ,OFF,0,-9.95,-9.95
1.27e+09,-10,OFF,AC,É¨Æµ,OFF,0,-9.97,-9.97
1.28e+09,-10,OFF,AC,É¨Æµ,OFF,0,-10,-10
1.29e+09,-10,OFF,AC,É¨Æµ,OFF,0,-10.01,-10.01
1.3e+09,-10,OFF,AC,É¨Æµ,OFF,0,-9.98,-9.98
1.31e+09,-10,OFF,AC,É¨Æµ,OFF,0,-9.97,-9.97
1.32e+09,-10,OFF,AC,É¨Æµ,OFF,0,-9.97,-9.97
1.33e+09,-10,OFF,AC,É¨Æµ,OFF,0,-9.99,-9.99
1.34e+09,-10,OFF,AC,É¨Æµ,OFF,0,-9.98,-9.98
1.35e+09,-10,OFF,AC,É¨Æµ,OFF,0,-9.98,-9.98
1.36e+09,-10,OFF,AC,É¨Æµ,OFF,0,-10,-10
1.37e+09,-10,OFF,AC,É¨Æµ,OFF,0,-10.01,-10.01
1.38e+09,-10,OFF,AC,É¨Æµ,OFF,0,-10.01,-10.01
1.39e+09,-10,OFF,AC,É¨Æµ,OFF,0,-10,-10
1.4e+09,-10,OFF,AC,É¨Æµ,OFF,0,-9.99,-9.99
1.41e+09,-10,OFF,AC,É¨Æµ,OFF,0,-10,-10
1.42e+09,-10,OFF,AC,É¨Æµ,OFF,0,-10,-10
1.43e+09,-10,OFF,AC,É¨Æµ,OFF,0,-9.98,-9.98
1.44e+09,-10,OFF,AC,É¨Æµ,OFF,0,-9.96,-9.96
1.45e+09,-10,OFF,AC,É¨Æµ,OFF,0,-9.99,-9.99
1.46e+09,-10,OFF,AC,É¨Æµ,OFF,0,-9.99,-9.99
1.47e+09,-10,OFF,AC,É¨Æµ,OFF,0,-9.99,-9.99
1.48e+09,-10,OFF,AC,É¨Æµ,OFF,0,-9.99,-9.99
1.49e+09,-10,OFF,AC,É¨Æµ,OFF,0,-10,-10
1.5e+09,-10,OFF,AC,É¨Æµ,OFF,0,-9.99,-9.99
1.51e+09,-10,OFF,AC,É¨Æµ,OFF,0,-10.01,-10.01
1.52e+09,-10,OFF,AC,É¨Æµ,OFF,0,-10,-10
1.53e+09,-10,OFF,AC,É¨Æµ,OFF,0,-9.99,-9.99
1.54e+09,-10,OFF,AC,É¨Æµ,OFF,0,-9.99,-9.99
1.55e+09,-10,OFF,AC,É¨Æµ,OFF,0,-10,-10
1.56e+09,-10,OFF,AC,É¨Æµ,OFF,0,-10.01,-10.01
1.57e+09,-10,OFF,AC,É¨Æµ,OFF,0,-10,-10
1.58e+09,-10,OFF,AC,É¨Æµ,OFF,0,-10.02,-10.02
1.59e+09,-10,OFF,AC,É¨Æµ,OFF,0,-10.03,-10.03
1.6e+09,-10,OFF,AC,É¨Æµ,OFF,0,-9.99,-9.99
1.61e+09,-10,OFF,AC,É¨Æµ,OFF,0,-9.99,-9.99
1.62e+09,-10,OFF,AC,É¨Æµ,OFF,0,-9.99,-9.99
1.63e+09,-10,OFF,AC,É¨Æµ,OFF,0,-10,-10
1.64e+09,-10,OFF,AC,É¨Æµ,OFF,0,-10.01,-10.01
1.65e+09,-10,OFF,AC,É¨Æµ,OFF,0,-10,-10
1.66e+09,-10,OFF,AC,É¨Æµ,OFF,0,-10,-10
1.67e+09,-10,OFF,AC,É¨Æµ,OFF,0,-10.01,-10.01
1.68e+09,-10,OFF,AC,É¨Æµ,OFF,0,-10.02,-10.02
1.69e+09,-10,OFF,AC,É¨Æµ,OFF,0,-10.02,-10.02
1.7e+09,-10,OFF,AC,É¨Æµ,OFF,0,-10,-10
1.71e+09,-10,OFF,AC,É¨Æµ,OFF,0,-10,-10
1.72e+09,-10,OFF,AC,É¨Æµ,OFF,0,-10.02,-10.02
1.73e+09,-10,OFF,AC,É¨Æµ,OFF,0,-10.05,-10.05
1.74e+09,-10,OFF,AC,É¨Æµ,OFF,0,-10.06,-10.06
1.75e+09,-10,OFF,AC,É¨Æµ,OFF,0,-10.01,-10.01
1.76e+09,-10,OFF,AC,É¨Æµ,OFF,0,-9.99,-9.99
1.77e+09,-10,OFF,AC,É¨Æµ,OFF,0,-9.99,-9.99
1.78e+09,-10,OFF,AC,É¨Æµ,OFF,0,-10.02,-10.02
1.79e+09,-10,OFF,AC,É¨Æµ,OFF,0,-10.02,-10.02
1.8e+09,-10,OFF,AC,É¨Æµ,OFF,0,-10,-10
1.81e+09,-10,OFF,AC,É¨Æµ,OFF,0,-10.01,-10.01
1.82e+09,-10,OFF,AC,É¨Æµ,OFF,0,-10.03,-10.03
1.83e+09,-10,OFF,AC,É¨Æµ,OFF,0,-10.01,-10.01
1.84e+09,-10,OFF,AC,É¨Æµ,OFF,0,-10,-10
1.85e+09,-10,OFF,AC,É¨Æµ,OFF,0,-10,-10
1.86e+09,-10,OFF,AC,É¨Æµ,OFF,0,-10.01,-10.01
1.87e+09,-10,OFF,AC,É¨Æµ,OFF,0,-10.01,-10.01
1.88e+09,-10,OFF,AC,É¨Æµ,OFF,0,-9.99,-9.99
1.89e+09,-10,OFF,AC,É¨Æµ,OFF,0,-9.97,-9.97
1.9e+09,-10,OFF,AC,É¨Æµ,OFF,0,-10,-10
1.91e+09,-10,OFF,AC,É¨Æµ,OFF,0,-10.01,-10.01
1.92e+09,-10,OFF,AC,É¨Æµ,OFF,0,-10.02,-10.02
1.93e+09,-10,OFF,AC,É¨Æµ,OFF,0,-10.01,-10.01
1.94e+09,-10,OFF,AC,É¨Æµ,OFF,0,-10.01,-10.01
1.95e+09,-10,OFF,AC,É¨Æµ,OFF,0,-10,-10
1.96e+09,-10,OFF,AC,É¨Æµ,OFF,0,-10.02,-10.02
1.97e+09,-10,OFF,AC,É¨Æµ,OFF,0,-10,-10
1.98e+09,-10,OFF,AC,É¨Æµ,OFF,0,-9.97,-9.97
1.99e+09,-10,OFF,AC,É¨Æµ,OFF,0,-9.97,-9.97
2e+09,-10,OFF,AC,É¨Æµ,OFF,0,-9.99,-9.99
2.01e+09,-10,OFF,AC,É¨Æµ,OFF,0,-10.03,-10.03
2.02e+09,-10,OFF,AC,É¨Æµ,OFF,0,-10.03,-10.03
2.03e+09,-10,OFF,AC,É¨Æµ,OFF,0,-10.03,-10.03
2.04e+09,-10,OFF,AC,É¨Æµ,OFF,0,-10.03,-10.03
2.05e+09,-10,OFF,AC,É¨Æµ,OFF,0,-10,-10
2.06e+09,-10,OFF,AC,É¨Æµ,OFF,0,-9.98,-9.98
2.07e+09,-10,OFF,AC,É¨Æµ,OFF,0,-9.99,-9.99
2.08e+09,-10,OFF,AC,É¨Æµ,OFF,0,-10.01,-10.01
2.09e+09,-10,OFF,AC,É¨Æµ,OFF,0,-10.02,-10.02
2.1e+09,-10,OFF,AC,É¨Æµ,OFF,0,-10,-10
2.11e+09,-10,OFF,AC,É¨Æµ,OFF,0,-9.99,-9.99
2.12e+09,-10,OFF,AC,É¨Æµ,OFF,0,-9.99,-9.99
2.13e+09,-10,OFF,AC,É¨Æµ,OFF,0,-10.02,-10.02
2.14e+09,-10,OFF,AC,É¨Æµ,OFF,0,-10.02,-10.02
2.15e+09,-10,OFF,AC,É¨Æµ,OFF,0,-10.01,-10.01
2.16e+09,-10,OFF,AC,É¨Æµ,OFF,0,-10.02,-10.02
2.17e+09,-10,OFF,AC,É¨Æµ,OFF,0,-10.02,-10.02
2.18e+09,-10,OFF,AC,É¨Æµ,OFF,0,-10.02,-10.02
2.19e+09,-10,OFF,AC,É¨Æµ,OFF,0,-10.02,-10.02
2.2e+09,-10,OFF,AC,É¨Æµ,OFF,0,-10.01,-10.01
2.21e+09,-10,OFF,AC,É¨Æµ,OFF,0,-9.99,-9.99
2.22e+09,-10,OFF,AC,É¨Æµ,OFF,0,-10.01,-10.01
2.23e+09,-10,OFF,AC,É¨Æµ,OFF,0,-10.02,-10.02
2.24e+09,-10,OFF,AC,É¨Æµ,OFF,0,-10.02,-10.02
2.25e+09,-10,OFF,AC,É¨Æµ,OFF,0,-10,-10
2.26e+09,-10,OFF,AC,É¨Æµ,OFF,0,-9.99,-9.99
2.27e+09,-10,OFF,AC,É¨Æµ,OFF,0,-10,-10
2.28e+09,-10,OFF,AC,É¨Æµ,OFF,0,-10,-10
2.29e+09,-10,OFF,AC,É¨Æµ,OFF,0,-10,-10
2.3e+09,-10,OFF,AC,É¨Æµ,OFF,0,-10,-10
2.31e+09,-10,OFF,AC,É¨Æµ,OFF,0,-10.01,-10.01
2.32e+09,-10,OFF,AC,É¨Æµ,OFF,0,-10.01,-10.01
2.33e+09,-10,OFF,AC,É¨Æµ,OFF,0,-10.01,-10.01
2.34e+09,-10,OFF,AC,É¨Æµ,OFF,0,-9.99,-9.99
2.35e+09,-10,OFF,AC,É¨Æµ,OFF,0,-10,-10
2.36e+09,-10,OFF,AC,É¨Æµ,OFF,0,-10.03,-10.03
2.37e+09,-10,OFF,AC,É¨Æµ,OFF,0,-10,-10
2.38e+09,-10,OFF,AC,É¨Æµ,OFF,0,-9.98,-9.98
2.39e+09,-10,OFF,AC,É¨Æµ,OFF,0,-9.98,-9.98
2.4e+09,-10,OFF,AC,É¨Æµ,OFF,0,-9.99,-9.99
2.41e+09,-10,OFF,AC,É¨Æµ,OFF,0,-10,-10
2.42e+09,-10,OFF,AC,É¨Æµ,OFF,0,-10,-10
2.43e+09,-10,OFF,AC,É¨Æµ,OFF,0,-9.99,-9.99
2.44e+09,-10,OFF,AC,É¨Æµ,OFF,0,-9.98,-9.98
2.45e+09,-10,OFF,AC,É¨Æµ,OFF,0,-9.98,-9.98
2.46e+09,-10,OFF,AC,É¨Æµ,OFF,0,-9.99,-9.99
2.47e+09,-10,OFF,AC,É¨Æµ,OFF,0,-9.98,-9.98
2.48e+09,-10,OFF,AC,É¨Æµ,OFF,0,-9.96,-9.96
2.49e+09,-10,OFF,AC,É¨Æµ,OFF,0,-9.96,-9.96
2.5e+09,-10,OFF,AC,É¨Æµ,OFF,0,-9.97,-9.97
2.51e+09,-10,OFF,AC,É¨Æµ,OFF,0,-9.95,-9.95
2.52e+09,-10,OFF,AC,É¨Æµ,OFF,0,-9.96,-9.96
2.53e+09,-10,OFF,AC,É¨Æµ,OFF,0,-9.99,-9.99
2.54e+09,-10,OFF,AC,É¨Æµ,OFF,0,-10.01,-10.01
2.55e+09,-10,OFF,AC,É¨Æµ,OFF,0,-9.97,-9.97
2.56e+09,-10,OFF,AC,É¨Æµ,OFF,0,-9.97,-9.97
2.57e+09,-10,OFF,AC,É¨Æµ,OFF,0,-9.97,-9.97
2.58e+09,-10,OFF,AC,É¨Æµ,OFF,0,-9.97,-9.97
2.59e+09,-10,OFF,AC,É¨Æµ,OFF,0,-9.97,-9.97
2.6e+09,-10,OFF,AC,É¨Æµ,OFF,0,-9.97,-9.97
2.61e+09,-10,OFF,AC,É¨Æµ,OFF,0,-9.99,-9.99
2.62e+09,-10,OFF,AC,É¨Æµ,OFF,0,-9.99,-9.99
2.63e+09,-10,OFF,AC,É¨Æµ,OFF,0,-9.97,-9.97
2.64e+09,-10,OFF,AC,É¨Æµ,OFF,0,-9.97,-9.97
2.65e+09,-10,OFF,AC,É¨Æµ,OFF,0,-9.98,-9.98
2.66e+09,-10,OFF,AC,É¨Æµ,OFF,0,-9.95,-9.95
2.67e+09,-10,OFF,AC,É¨Æµ,OFF,0,-9.97,-9.97
2.68e+09,-10,OFF,AC,É¨Æµ,OFF,0,-10.02,-10.02
2.69e+09,-10,OFF,AC,É¨Æµ,OFF,0,-10.02,-10.02
2.7e+09,-10,OFF,AC,É¨Æµ,OFF,0,-9.98,-9.98
2.71e+09,-10,OFF,AC,É¨Æµ,OFF,0,-9.99,-9.99
2.72e+09,-10,OFF,AC,É¨Æµ,OFF,0,-9.99,-9.99
2.73e+09,-10,OFF,AC,É¨Æµ,OFF,0,-9.97,-9.97
2.74e+09,-10,OFF,AC,É¨Æµ,OFF,0,-9.97,-9.97
2.75e+09,-10,OFF,AC,É¨Æµ,OFF,0,-9.98,-9.98
2.76e+09,-10,OFF,AC,É¨Æµ,OFF,0,-10,-10
2.77e+09,-10,OFF,AC,É¨Æµ,OFF,0,-9.99,-9.99
2.78e+09,-10,OFF,AC,É¨Æµ,OFF,0,-10,-10
2.79e+09,-10,OFF,AC,É¨Æµ,OFF,0,-10,-10
2.8e+09,-10,OFF,AC,É¨Æµ,OFF,0,-9.98,-9.98
2.81e+09,-10,OFF,AC,É¨Æµ,OFF,0,-9.99,-9.99
2.82e+09,-10,OFF,AC,É¨Æµ,OFF,0,-9.98,-9.98
2.83e+09,-10,OFF,AC,É¨Æµ,OFF,0,-9.97,-9.97
2.84e+09,-10,OFF,AC,É¨Æµ,OFF,0,-9.97,-9.97
2.85e+09,-10,OFF,AC,É¨Æµ,OFF,0,-9.99,-9.99
2.86e+09,-10,OFF,AC,É¨Æµ,OFF,0,-9.99,-9.99
2.87e+09,-10,OFF,AC,É¨Æµ,OFF,0,-9.99,-9.99
2.88e+09,-10,OFF,AC,É¨Æµ,OFF,0,-9.99,-9.99
2.89e+09,-10,OFF,AC,É¨Æµ,OFF,0,-9.99,-9.99
2.9e+09,-10,OFF,AC,É¨Æµ,OFF,0,-10,-10
2.91e+09,-10,OFF,AC,É¨Æµ,OFF,0,-9.99,-9.99
2.92e+09,-10,OFF,AC,É¨Æµ,OFF,0,-9.99,-9.99
2.93e+09,-10,OFF,AC,É¨Æµ,OFF,0,-10.03,-10.03
2.94e+09,-10,OFF,AC,É¨Æµ,OFF,0,-10.04,-10.04
2.95e+09,-10,OFF,AC,É¨Æµ,OFF,0,-10,-10
2.96e+09,-10,OFF,AC,É¨Æµ,OFF,0,-10,-10
2.97e+09,-10,OFF,AC,É¨Æµ,OFF,0,-10,-10
2.98e+09,-10,OFF,AC,É¨Æµ,OFF,0,-10,-10
2.99e+09,-10,OFF,AC,É¨Æµ,OFF,0,-10,-10
3e+09,-10,OFF,AC,É¨Æµ,OFF,0,-10.01,-10.01
3.01e+09,-10,OFF,AC,É¨Æµ,OFF,0,-10.01,-10.01
3.02e+09,-10,OFF,AC,É¨Æµ,OFF,0,-10.01,-10.01
3.03e+09,-10,OFF,AC,É¨Æµ,OFF,0,-10.01,-10.01
3.04e+09,-10,OFF,AC,É¨Æµ,OFF,0,-10,-10
3.05e+09,-10,OFF,AC,É¨Æµ,OFF,0,-10.01,-10.01
3.06e+09,-10,OFF,AC,É¨Æµ,OFF,0,-10,-10
3.07e+09,-10,OFF,AC,É¨Æµ,OFF,0,-10,-10
3.08e+09,-10,OFF,AC,É¨Æµ,OFF,0,-10,-10
3.09e+09,-10,OFF,AC,É¨Æµ,OFF,0,-10.01,-10.01
3.1e+09,-10,OFF,AC,É¨Æµ,OFF,0,-10,-10
3.11e+09,-10,OFF,AC,É¨Æµ,OFF,0,-10.02,-10.02
3.12e+09,-10,OFF,AC,É¨Æµ,OFF,0,-10.02,-10.02
3.13e+09,-10,OFF,AC,É¨Æµ,OFF,0,-10,-10
3.14e+09,-10,OFF,AC,É¨Æµ,OFF,0,-10,-10
3.15e+09,-10,OFF,AC,É¨Æµ,OFF,0,-10,-10
3.16e+09,-10,OFF,AC,É¨Æµ,OFF,0,-10,-10
3.17e+09,-10,OFF,AC,É¨Æµ,OFF,0,-10.01,-10.01
3.18e+09,-10,OFF,AC,É¨Æµ,OFF,0,-10,-10
3.19e+09,-10,OFF,AC,É¨Æµ,OFF,0,-10,-10
3.2e+09,-10,OFF,AC,É¨Æµ,OFF,0,-10,-10
3.21e+09,-10,OFF,AC,É¨Æµ,OFF,0,-9.99,-9.99
3.22e+09,-10,OFF,AC,É¨Æµ,OFF,0,-10,-10
3.23e+09,-10,OFF,AC,É¨Æµ,OFF,0,-10,-10
3.24e+09,-10,OFF,AC,É¨Æµ,OFF,0,-10,-10
3.25e+09,-10,OFF,AC,É¨Æµ,OFF,0,-10,-10
3.26e+09,-10,OFF,AC,É¨Æµ,OFF,0,-10.02,-10.02
3.27e+09,-10,OFF,AC,É¨Æµ,OFF,0,-9.99,-9.99
3.28e+09,-10,OFF,AC,É¨Æµ,OFF,0,-9.97,-9.97
3.29e+09,-10,OFF,AC,É¨Æµ,OFF,0,-9.96,-9.96
3.3e+09,-10,OFF,AC,É¨Æµ,OFF,0,-9.97,-9.97
3.31e+09,-10,OFF,AC,É¨Æµ,OFF,0,-9.97,-9.97
3.32e+09,-10,OFF,AC,É¨Æµ,OFF,0,-9.99,-9.99
3.33e+09,-10,OFF,AC,É¨Æµ,OFF,0,-9.98,-9.98
3.34e+09,-10,OFF,AC,É¨Æµ,OFF,0,-9.95,-9.95
3.35e+09,-10,OFF,AC,É¨Æµ,OFF,0,-9.97,-9.97
3.36e+09,-10,OFF,AC,É¨Æµ,OFF,0,-9.96,-9.96
3.37e+09,-10,OFF,AC,É¨Æµ,OFF,0,-9.98,-9.98
3.38e+09,-10,OFF,AC,É¨Æµ,OFF,0,-9.97,-9.97
3.39e+09,-10,OFF,AC,É¨Æµ,OFF,0,-9.95,-9.95
3.4e+09,-10,OFF,AC,É¨Æµ,OFF,0,-9.97,-9.97
3.41e+09,-10,OFF,AC,É¨Æµ,OFF,0,-9.98,-9.98
3.42e+09,-10,OFF,AC,É¨Æµ,OFF,0,-9.97,-9.97
3.43e+09,-10,OFF,AC,É¨Æµ,OFF,0,-9.95,-9.95
3.44e+09,-10,OFF,AC,É¨Æµ,OFF,0,-9.95,-9.95
3.45e+09,-10,OFF,AC,É¨Æµ,OFF,0,-9.96,-9.96
3.46e+09,-10,OFF,AC,É¨Æµ,OFF,0,-9.92,-9.92
3.47e+09,-10,OFF,AC,É¨Æµ,OFF,0,-9.95,-9.95
3.48e+09,-10,OFF,AC,É¨Æµ,OFF,0,-9.98,-9.98
3.49e+09,-10,OFF,AC,É¨Æµ,OFF,0,-9.98,-9.98
3.5e+09,-10,OFF,AC,É¨Æµ,OFF,0,-9.96,-9.96
3.51e+09,-10,OFF,AC,É¨Æµ,OFF,0,-9.95,-9.95
3.52e+09,-10,OFF,AC,É¨Æµ,OFF,0,-9.94,-9.94
3.53e+09,-10,OFF,AC,É¨Æµ,OFF,0,-9.96,-9.96
3.54e+09,-10,OFF,AC,É¨Æµ,OFF,0,-9.96,-9.96
3.55e+09,-10,OFF,AC,É¨Æµ,OFF,0,-9.96,-9.96
3.56e+09,-10,OFF,AC,É¨Æµ,OFF,0,-9.98,-9.98
3.57e+09,-10,OFF,AC,É¨Æµ,OFF,0,-9.97,-9.97
3.58e+09,-10,OFF,AC,É¨Æµ,OFF,0,-9.96,-9.96
3.59e+09,-10,OFF,AC,É¨Æµ,OFF,0,-9.97,-9.97
3.6e+09,-10,OFF,AC,É¨Æµ,OFF,0,-9.96,-9.96
3.61e+09,-10,OFF,AC,É¨Æµ,OFF,0,-9.93,-9.93
3.62e+09,-10,OFF,AC,É¨Æµ,OFF,0,-9.95,-9.95
3.63e+09,-10,OFF,AC,É¨Æµ,OFF,0,-9.99,-9.99
3.64e+09,-10,OFF,AC,É¨Æµ,OFF,0,-10.02,-10.02
3.65e+09,-10,OFF,AC,É¨Æµ,OFF,0,-9.97,-9.97
3.66e+09,-10,OFF,AC,É¨Æµ,OFF,0,-9.96,-9.96
3.67e+09,-10,OFF,AC,É¨Æµ,OFF,0,-9.95,-9.95
3.68e+09,-10,OFF,AC,É¨Æµ,OFF,0,-9.96,-9.96
3.69e+09,-10,OFF,AC,É¨Æµ,OFF,0,-9.95,-9.95
3.7e+09,-10,OFF,AC,É¨Æµ,OFF,0,-9.98,-9.98
3.71e+09,-10,OFF,AC,É¨Æµ,OFF,0,-10.02,-10.02
3.72e+09,-10,OFF,AC,É¨Æµ,OFF,0,-10.01,-10.01
3.73e+09,-10,OFF,AC,É¨Æµ,OFF,0,-9.99,-9.99
3.74e+09,-10,OFF,AC,É¨Æµ,OFF,0,-9.99,-9.99
3.75e+09,-10,OFF,AC,É¨Æµ,OFF,0,-9.98,-9.98
3.76e+09,-10,OFF,AC,É¨Æµ,OFF,0,-9.94,-9.94
3.77e+09,-10,OFF,AC,É¨Æµ,OFF,0,-9.96,-9.96
3.78e+09,-10,OFF,AC,É¨Æµ,OFF,0,-9.98,-9.98
3.79e+09,-10,OFF,AC,É¨Æµ,OFF,0,-9.99,-9.99
3.8e+09,-10,OFF,AC,É¨Æµ,OFF,0,-9.98,-9.98
3.81e+09,-10,OFF,AC,É¨Æµ,OFF,0,-10.02,-10.02
3.82e+09,-10,OFF,AC,É¨Æµ,OFF,0,-9.99,-9.99
3.83e+09,-10,OFF,AC,É¨Æµ,OFF,0,-9.95,-9.95
3.84e+09,-10,OFF,AC,É¨Æµ,OFF,0,-9.94,-9.94
3.85e+09,-10,OFF,AC,É¨Æµ,OFF,0,-9.97,-9.97
3.86e+09,-10,OFF,AC,É¨Æµ,OFF,0,-9.98,-9.98
3.87e+09,-10,OFF,AC,É¨Æµ,OFF,0,-9.98,-9.98
3.88e+09,-10,OFF,AC,É¨Æµ,OFF,0,-9.99,-9.99
3.89e+09,-10,OFF,AC,É¨Æµ,OFF,0,-9.99,-9.99
3.9e+09,-10,OFF,AC,É¨Æµ,OFF,0,-9.97,-9.97
3.91e+09,-10,OFF,AC,É¨Æµ,OFF,0,-9.97,-9.97
3.92e+09,-10,OFF,AC,É¨Æµ,OFF,0,-9.98,-9.98
3.93e+09,-10,OFF,AC,É¨Æµ,OFF,0,-9.98,-9.98
3.94e+09,-10,OFF,AC,É¨Æµ,OFF,0,-9.97,-9.97
3.95e+09,-10,OFF,AC,É¨Æµ,OFF,0,-9.97,-9.97
3.96e+09,-10,OFF,AC,É¨Æµ,OFF,0,-9.96,-9.96
3.97e+09,-10,OFF,AC,É¨Æµ,OFF,0,-9.96,-9.96
3.98e+09,-10,OFF,AC,É¨Æµ,OFF,0,-9.96,-9.96
3.99e+09,-10,OFF,AC,É¨Æµ,OFF,0,-9.96,-9.96
4e+09,-10,OFF,AC,É¨Æµ,OFF,0,-9.96,-9.96
4.01e+09,-10,OFF,AC,É¨Æµ,OFF,0,-9.98,-9.98
4.02e+09,-10,OFF,AC,É¨Æµ,OFF,0,-9.97,-9.97
4.03e+09,-10,OFF,AC,É¨Æµ,OFF,0,-9.96,-9.96
4.04e+09,-10,OFF,AC,É¨Æµ,OFF,0,-9.97,-9.97
4.05e+09,-10,OFF,AC,É¨Æµ,OFF,0,-9.97,-9.97
4.06e+09,-10,OFF,AC,É¨Æµ,OFF,0,-10.01,-10.01
4.07e+09,-10,OFF,AC,É¨Æµ,OFF,0,-10,-10
4.08e+09,-10,OFF,AC,É¨Æµ,OFF,0,-9.99,-9.99
4.09e+09,-10,OFF,AC,É¨Æµ,OFF,0,-9.98,-9.98
4.1e+09,-10,OFF,AC,É¨Æµ,OFF,0,-9.98,-9.98
4.11e+09,-10,OFF,AC,É¨Æµ,OFF,0,-9.95,-9.95
4.12e+09,-10,OFF,AC,É¨Æµ,OFF,0,-9.96,-9.96
4.13e+09,-10,OFF,AC,É¨Æµ,OFF,0,-9.99,-9.99
4.14e+09,-10,OFF,AC,É¨Æµ,OFF,0,-10,-10
4.15e+09,-10,OFF,AC,É¨Æµ,OFF,0,-9.98,-9.98
4.16e+09,-10,OFF,AC,É¨Æµ,OFF,0,-10,-10
4.17e+09,-10,OFF,AC,É¨Æµ,OFF,0,-10.01,-10.01
4.18e+09,-10,OFF,AC,É¨Æµ,OFF,0,-9.99,-9.99
4.19e+09,-10,OFF,AC,É¨Æµ,OFF,0,-9.98,-9.98
4.2e+09,-10,OFF,AC,É¨Æµ,OFF,0,-9.99,-9.99
4.21e+09,-10,OFF,AC,É¨Æµ,OFF,0,-10,-10
4.22e+09,-10,OFF,AC,É¨Æµ,OFF,0,-10,-10
4.23e+09,-10,OFF,AC,É¨Æµ,OFF,0,-10.02,-10.02
4.24e+09,-10,OFF,AC,É¨Æµ,OFF,0,-10.02,-10.02
4.25e+09,-10,OFF,AC,É¨Æµ,OFF,0,-9.99,-9.99
4.26e+09,-10,OFF,AC,É¨Æµ,OFF,0,-9.97,-9.97
4.27e+09,-10,OFF,AC,É¨Æµ,OFF,0,-9.99,-9.99
4.28e+09,-10,OFF,AC,É¨Æµ,OFF,0,-10,-10
4.29e+09,-10,OFF,AC,É¨Æµ,OFF,0,-9.97,-9.97
4.3e+09,-10,OFF,AC,É¨Æµ,OFF,0,-9.98,-9.98
4.31e+09,-10,OFF,AC,É¨Æµ,OFF,0,-9.98,-9.98
4.32e+09,-10,OFF,AC,É¨Æµ,OFF,0,-9.97,-9.97
4.33e+09,-10,OFF,AC,É¨Æµ,OFF,0,-9.93,-9.93
4.34e+09,-10,OFF,AC,É¨Æµ,OFF,0,-9.94,-9.94
4.35e+09,-10,OFF,AC,É¨Æµ,OFF,0,-9.96,-9.96
4.36e+09,-10,OFF,AC,É¨Æµ,OFF,0,-9.95,-9.95
4.37e+09,-10,OFF,AC,É¨Æµ,OFF,0,-9.95,-9.95
4.38e+09,-10,OFF,AC,É¨Æµ,OFF,0,-9.94,-9.94
4.39e+09,-10,OFF,AC,É¨Æµ,OFF,0,-9.94,-9.94
4.4e+09,-10,OFF,AC,É¨Æµ,OFF,0,-9.95,-9.95
4.41e+09,-10,OFF,AC,É¨Æµ,OFF,0,-9.96,-9.96
4.42e+09,-10,OFF,AC,É¨Æµ,OFF,0,-9.96,-9.96
4.43e+09,-10,OFF,AC,É¨Æµ,OFF,0,-9.92,-9.92
4.44e+09,-10,OFF,AC,É¨Æµ,OFF,0,-9.9,-9.9
4.45e+09,-10,OFF,AC,É¨Æµ,OFF,0,-9.94,-9.94
4.46e+09,-10,OFF,AC,É¨Æµ,OFF,0,-9.93,-9.93
4.47e+09,-10,OFF,AC,É¨Æµ,OFF,0,-9.94,-9.94
4.48e+09,-10,OFF,AC,É¨Æµ,OFF,0,-9.95,-9.95
4.49e+09,-10,OFF,AC,É¨Æµ,OFF,0,-9.96,-9.96
4.5e+09,-10,OFF,AC,É¨Æµ,OFF,0,-9.94,-9.94
4.51e+09,-10,OFF,AC,É¨Æµ,OFF,0,-9.94,-9.94
4.52e+09,-10,OFF,AC,É¨Æµ,OFF,0,-9.95,-9.95
4.53e+09,-10,OFF,AC,É¨Æµ,OFF,0,-9.97,-9.97
4.54e+09,-10,OFF,AC,É¨Æµ,OFF,0,-9.97,-9.97
4.55e+09,-10,OFF,AC,É¨Æµ,OFF,0,-9.95,-9.95
4.56e+09,-10,OFF,AC,É¨Æµ,OFF,0,-9.93,-9.93
4.57e+09,-10,OFF,AC,É¨Æµ,OFF,0,-9.94,-9.94
4.58e+09,-10,OFF,AC,É¨Æµ,OFF,0,-9.96,-9.96
4.59e+09,-10,OFF,AC,É¨Æµ,OFF,0,-9.95,-9.95
4.6e+09,-10,OFF,AC,É¨Æµ,OFF,0,-9.95,-9.95
4.61e+09,-10,OFF,AC,É¨Æµ,OFF,0,-9.94,-9.94
4.62e+09,-10,OFF,AC,É¨Æµ,OFF,0,-9.95,-9.95
4.63e+09,-10,OFF,AC,É¨Æµ,OFF,0,-9.95,-9.95
4.64e+09,-10,OFF,AC,É¨Æµ,OFF,0,-9.96,-9.96
4.65e+09,-10,OFF,AC,É¨Æµ,OFF,0,-9.96,-9.96
4.66e+09,-10,OFF,AC,É¨Æµ,OFF,0,-9.97,-9.97
4.67e+09,-10,OFF,AC,É¨Æµ,OFF,0,-9.99,-9.99
4.68e+09,-10,OFF,AC,É¨Æµ,OFF,0,-9.99,-9.99
4.69e+09,-10,OFF,AC,É¨Æµ,OFF,0,-9.98,-9.98
4.7e+09,-10,OFF,AC,É¨Æµ,OFF,0,-9.97,-9.97
4.71e+09,-10,OFF,AC,É¨Æµ,OFF,0,-10.01,-10.01
4.72e+09,-10,OFF,AC,É¨Æµ,OFF,0,-10,-10
4.73e+09,-10,OFF,AC,É¨Æµ,OFF,0,-9.98,-9.98
4.74e+09,-10,OFF,AC,É¨Æµ,OFF,0,-9.97,-9.97
4.75e+09,-10,OFF,AC,É¨Æµ,OFF,0,-9.99,-9.99
4.76e+09,-10,OFF,AC,É¨Æµ,OFF,0,-10,-10
4.77e+09,-10,OFF,AC,É¨Æµ,OFF,0,-10,-10
4.78e+09,-10,OFF,AC,É¨Æµ,OFF,0,-9.99,-9.99
4.79e+09,-10,OFF,AC,É¨Æµ,OFF,0,-9.98,-9.98
4.8e+09,-10,OFF,AC,É¨Æµ,OFF,0,-9.98,-9.98
4.81e+09,-10,OFF,AC,É¨Æµ,OFF,0,-9.99,-9.99
4.82e+09,-10,OFF,AC,É¨Æµ,OFF,0,-9.99,-9.99
4.83e+09,-10,OFF,AC,É¨Æµ,OFF,0,-9.99,-9.99
4.84e+09,-10,OFF,AC,É¨Æµ,OFF,0,-10,-10
4.85e+09,-10,OFF,AC,É¨Æµ,OFF,0,-9.99,-9.99
4.86e+09,-10,OFF,AC,É¨Æµ,OFF,0,-10,-10
4.87e+09,-10,OFF,AC,É¨Æµ,OFF,0,-9.99,-9.99
4.88e+09,-10,OFF,AC,É¨Æµ,OFF,0,-9.99,-9.99
4.89e+09,-10,OFF,AC,É¨Æµ,OFF,0,-9.99,-9.99
4.9e+09,-10,OFF,AC,É¨Æµ,OFF,0,-9.99,-9.99
4.91e+09,-10,OFF,AC,É¨Æµ,OFF,0,-10,-10
4.92e+09,-10,OFF,AC,É¨Æµ,OFF,0,-10,-10
4.93e+09,-10,OFF,AC,É¨Æµ,OFF,0,-9.98,-9.98
4.94e+09,-10,OFF,AC,É¨Æµ,OFF,0,-9.98,-9.98
4.95e+09,-10,OFF,AC,É¨Æµ,OFF,0,-10,-10
4.96e+09,-10,OFF,AC,É¨Æµ,OFF,0,-10,-10
4.97e+09,-10,OFF,AC,É¨Æµ,OFF,0,-10,-10
4.98e+09,-10,OFF,AC,É¨Æµ,OFF,0,-10,-10
4.99e+09,-10,OFF,AC,É¨Æµ,OFF,0,-10,-10
5e+09,-10,OFF,AC,É¨Æµ,OFF,0,-9.99,-9.99
5.01e+09,-10,OFF,AC,É¨Æµ,OFF,0,-9.96,-9.96
5.02e+09,-10,OFF,AC,É¨Æµ,OFF,0,-9.99,-9.99
5.03e+09,-10,OFF,AC,É¨Æµ,OFF,0,-10.03,-10.03
5.04e+09,-10,OFF,AC,É¨Æµ,OFF,0,-10.03,-10.03
5.05e+09,-10,OFF,AC,É¨Æµ,OFF,0,-9.99,-9.99
5.06e+09,-10,OFF,AC,É¨Æµ,OFF,0,-9.96,-9.96
5.07e+09,-10,OFF,AC,É¨Æµ,OFF,0,-9.96,-9.96
5.08e+09,-10,OFF,AC,É¨Æµ,OFF,0,-9.97,-9.97
5.09e+09,-10,OFF,AC,É¨Æµ,OFF,0,-9.98,-9.98
5.1e+09,-10,OFF,AC,É¨Æµ,OFF,0,-9.98,-9.98
5.11e+09,-10,OFF,AC,É¨Æµ,OFF,0,-9.97,-9.97
5.12e+09,-10,OFF,AC,É¨Æµ,OFF,0,-9.97,-9.97
5.13e+09,-10,OFF,AC,É¨Æµ,OFF,0,-9.96,-9.96
5.14e+09,-10,OFF,AC,É¨Æµ,OFF,0,-9.95,-9.95
5.15e+09,-10,OFF,AC,É¨Æµ,OFF,0,-9.97,-9.97
5.16e+09,-10,OFF,AC,É¨Æµ,OFF,0,-9.99,-9.99
5.17e+09,-10,OFF,AC,É¨Æµ,OFF,0,-10,-10
5.18e+09,-10,OFF,AC,É¨Æµ,OFF,0,-9.99,-9.99
5.19e+09,-10,OFF,AC,É¨Æµ,OFF,0,-9.96,-9.96
5.2e+09,-10,OFF,AC,É¨Æµ,OFF,0,-9.96,-9.96
5.21e+09,-10,OFF,AC,É¨Æµ,OFF,0,-10,-10
5.22e+09,-10,OFF,AC,É¨Æµ,OFF,0,-9.98,-9.98
5.23e+09,-10,OFF,AC,É¨Æµ,OFF,0,-9.95,-9.95
5.24e+09,-10,OFF,AC,É¨Æµ,OFF,0,-9.95,-9.95
5.25e+09,-10,OFF,AC,É¨Æµ,OFF,0,-9.96,-9.96
5.26e+09,-10,OFF,AC,É¨Æµ,OFF,0,-9.94,-9.94
5.27e+09,-10,OFF,AC,É¨Æµ,OFF,0,-10.01,-10.01
5.28e+09,-10,OFF,AC,É¨Æµ,OFF,0,-10.03,-10.03
5.29e+09,-10,OFF,AC,É¨Æµ,OFF,0,-10.04,-10.04
5.3e+09,-10,OFF,AC,É¨Æµ,OFF,0,-10.03,-10.03
5.31e+09,-10,OFF,AC,É¨Æµ,OFF,0,-10.03,-10.03
5.32e+09,-10,OFF,AC,É¨Æµ,OFF,0,-10.02,-10.02
5.33e+09,-10,OFF,AC,É¨Æµ,OFF,0,-9.99,-9.99
5.34e+09,-10,OFF,AC,É¨Æµ,OFF,0,-9.98,-9.98
5.35e+09,-10,OFF,AC,É¨Æµ,OFF,0,-10.02,-10.02
5.36e+09,-10,OFF,AC,É¨Æµ,OFF,0,-10.06,-10.06
5.37e+09,-10,OFF,AC,É¨Æµ,OFF,0,-10.05,-10.05
5.38e+09,-10,OFF,AC,É¨Æµ,OFF,0,-10.02,-10.02
5.39e+09,-10,OFF,AC,É¨Æµ,OFF,0,-10.01,-10.01
5.4e+09,-10,OFF,AC,É¨Æµ,OFF,0,-10.01,-10.01
5.41e+09,-10,OFF,AC,É¨Æµ,OFF,0,-10,-10
5.42e+09,-10,OFF,AC,É¨Æµ,OFF,0,-10,-10
5.43e+09,-10,OFF,AC,É¨Æµ,OFF,0,-10.01,-10.01
5.44e+09,-10,OFF,AC,É¨Æµ,OFF,0,-10.02,-10.02
5.45e+09,-10,OFF,AC,É¨Æµ,OFF,0,-10.02,-10.02
5.46e+09,-10,OFF,AC,É¨Æµ,OFF,0,-10.01,-10.01
5.47e+09,-10,OFF,AC,É¨Æµ,OFF,0,-10.01,-10.01
5.48e+09,-10,OFF,AC,É¨Æµ,OFF,0,-10.01,-10.01
5.49e+09,-10,OFF,AC,É¨Æµ,OFF,0,-10,-10
5.5e+09,-10,OFF,AC,É¨Æµ,OFF,0,-10.02,-10.02
5.51e+09,-10,OFF,AC,É¨Æµ,OFF,0,-10,-10
5.52e+09,-10,OFF,AC,É¨Æµ,OFF,0,-10.04,-10.04
5.53e+09,-10,OFF,AC,É¨Æµ,OFF,0,-10.07,-10.07
5.54e+09,-10,OFF,AC,É¨Æµ,OFF,0,-10.07,-10.07
5.55e+09,-10,OFF,AC,É¨Æµ,OFF,0,-10.03,-10.03
5.56e+09,-10,OFF,AC,É¨Æµ,OFF,0,-10.02,-10.02
5.57e+09,-10,OFF,AC,É¨Æµ,OFF,0,-10.01,-10.01
5.58e+09,-10,OFF,AC,É¨Æµ,OFF,0,-10.02,-10.02
5.59e+09,-10,OFF,AC,É¨Æµ,OFF,0,-10.02,-10.02
5.6e+09,-10,OFF,AC,É¨Æµ,OFF,0,-10.03,-10.03
5.61e+09,-10,OFF,AC,É¨Æµ,OFF,0,-10.05,-10.05
5.62e+09,-10,OFF,AC,É¨Æµ,OFF,0,-10.05,-10.05
5.63e+09,-10,OFF,AC,É¨Æµ,OFF,0,-10.06,-10.06
5.64e+09,-10,OFF,AC,É¨Æµ,OFF,0,-10.06,-10.06
5.65e+09,-10,OFF,AC,É¨Æµ,OFF,0,-10.03,-10.03
5.66e+09,-10,OFF,AC,É¨Æµ,OFF,0,-9.98,-9.98
5.67e+09,-10,OFF,AC,É¨Æµ,OFF,0,-10,-10
5.68e+09,-10,OFF,AC,É¨Æµ,OFF,0,-10.05,-10.05
5.69e+09,-10,OFF,AC,É¨Æµ,OFF,0,-10.06,-10.06
5.7e+09,-10,OFF,AC,É¨Æµ,OFF,0,-10.04,-10.04
5.71e+09,-10,OFF,AC,É¨Æµ,OFF,0,-10.07,-10.07
5.72e+09,-10,OFF,AC,É¨Æµ,OFF,0,-10.05,-10.05
5.73e+09,-10,OFF,AC,É¨Æµ,OFF,0,-10.03,-10.03
5.74e+09,-10,OFF,AC,É¨Æµ,OFF,0,-10.03,-10.03
5.75e+09,-10,OFF,AC,É¨Æµ,OFF,0,-10.05,-10.05
5.76e+09,-10,OFF,AC,É¨Æµ,OFF,0,-10.07,-10.07
5.77e+09,-10,OFF,AC,É¨Æµ,OFF,0,-10.07,-10.07
5.78e+09,-10,OFF,AC,É¨Æµ,OFF,0,-10.05,-10.05
5.79e+09,-10,OFF,AC,É¨Æµ,OFF,0,-10.04,-10.04
5.8e+09,-10,OFF,AC,É¨Æµ,OFF,0,-10.03,-10.03
5.81e+09,-10,OFF,AC,É¨Æµ,OFF,0,-9.99,-9.99
5.82e+09,-10,OFF,AC,É¨Æµ,OFF,0,-10.02,-10.02
5.83e+09,-10,OFF,AC,É¨Æµ,OFF,0,-10.06,-10.06
5.84e+09,-10,OFF,AC,É¨Æµ,OFF,0,-10.06,-10.06
5.85e+09,-10,OFF,AC,É¨Æµ,OFF,0,-10.03,-10.03
5.86e+09,-10,OFF,AC,É¨Æµ,OFF,0,-10.05,-10.05
5.87e+09,-10,OFF,AC,É¨Æµ,OFF,0,-10.03,-10.03
5.88e+09,-10,OFF,AC,É¨Æµ,OFF,0,-10.02,-10.02
5.89e+09,-10,OFF,AC,É¨Æµ,OFF,0,-10.01,-10.01
5.9e+09,-10,OFF,AC,É¨Æµ,OFF,0,-10.03,-10.03
5.91e+09,-10,OFF,AC,É¨Æµ,OFF,0,-10.02,-10.02
5.92e+09,-10,OFF,AC,É¨Æµ,OFF,0,-10.02,-10.02
5.93e+09,-10,OFF,AC,É¨Æµ,OFF,0,-10.02,-10.02
5.94e+09,-10,OFF,AC,É¨Æµ,OFF,0,-10.02,-10.02
5.95e+09,-10,OFF,AC,É¨Æµ,OFF,0,-10.02,-10.02
5.96e+09,-10,OFF,AC,É¨Æµ,OFF,0,-10.05,-10.05
5.97e+09,-10,OFF,AC,É¨Æµ,OFF,0,-10.04,-10.04
5.98e+09,-10,OFF,AC,É¨Æµ,OFF,0,-10.04,-10.04
5.99e+09,-10,OFF,AC,É¨Æµ,OFF,0,-10.03,-10.03
6e+09,-10,OFF,AC,É¨Æµ,OFF,0,-10.04,-10.04
6.01e+09,-10,OFF,AC,É¨Æµ,OFF,0,-10.12,-10.12
6.02e+09,-10,OFF,AC,É¨Æµ,OFF,0,-10.08,-10.08
6.03e+09,-10,OFF,AC,É¨Æµ,OFF,0,-10.04,-10.04
6.04e+09,-10,OFF,AC,É¨Æµ,OFF,0,-10.02,-10.02
6.05e+09,-10,OFF,AC,É¨Æµ,OFF,0,-10.04,-10.04
6.06e+09,-10,OFF,AC,É¨Æµ,OFF,0,-10.03,-10.03
6.07e+09,-10,OFF,AC,É¨Æµ,OFF,0,-10.05,-10.05
6.08e+09,-10,OFF,AC,É¨Æµ,OFF,0,-10.06,-10.06
6.09e+09,-10,OFF,AC,É¨Æµ,OFF,0,-10.05,-10.05
6.1e+09,-10,OFF,AC,É¨Æµ,OFF,0,-10.04,-10.04
6.11e+09,-10,OFF,AC,É¨Æµ,OFF,0,-10.02,-10.02
6.12e+09,-10,OFF,AC,É¨Æµ,OFF,0,-10.02,-10.02
6.13e+09,-10,OFF,AC,É¨Æµ,OFF,0,-10.05,-10.05
6.14e+09,-10,OFF,AC,É¨Æµ,OFF,0,-10.06,-10.06
6.15e+09,-10,OFF,AC,É¨Æµ,OFF,0,-10.04,-10.04
6.16e+09,-10,OFF,AC,É¨Æµ,OFF,0,-10.04,-10.04
6.17e+09,-10,OFF,AC,É¨Æµ,OFF,0,-10.04,-10.04
6.18e+09,-10,OFF,AC,É¨Æµ,OFF,0,-10.04,-10.04
6.19e+09,-10,OFF,AC,É¨Æµ,OFF,0,-10.04,-10.04
6.2e+09,-10,OFF,AC,É¨Æµ,OFF,0,-10.04,-10.04
6.21e+09,-10,OFF,AC,É¨Æµ,OFF,0,-10.04,-10.04
6.22e+09,-10,OFF,AC,É¨Æµ,OFF,0,-10.04,-10.04
6.23e+09,-10,OFF,AC,É¨Æµ,OFF,0,-10.03,-10.03
6.24e+09,-10,OFF,AC,É¨Æµ,OFF,0,-10.01,-10.01
6.25e+09,-10,OFF,AC,É¨Æµ,OFF,0,-10.04,-10.04
6.26e+09,-10,OFF,AC,É¨Æµ,OFF,0,-10.04,-10.04
6.27e+09,-10,OFF,AC,É¨Æµ,OFF,0,-10.03,-10.03
6.28e+09,-10,OFF,AC,É¨Æµ,OFF,0,-10.01,-10.01
6.29e+09,-10,OFF,AC,É¨Æµ,OFF,0,-10.01,-10.01
6.3e+09,-10,OFF,AC,É¨Æµ,OFF,0,-10.02,-10.02
6.31e+09,-10,OFF,AC,É¨Æµ,OFF,0,-10.03,-10.03
6.32e+09,-10,OFF,AC,É¨Æµ,OFF,0,-10.03,-10.03
6.33e+09,-10,OFF,AC,É¨Æµ,OFF,0,-10.03,-10.03
6.34e+09,-10,OFF,AC,É¨Æµ,OFF,0,-10.01,-10.01
6.35e+09,-10,OFF,AC,É¨Æµ,OFF,0,-10.02,-10.02
6.36e+09,-10,OFF,AC,É¨Æµ,OFF,0,-10,-10
6.37e+09,-10,OFF,AC,É¨Æµ,OFF,0,-10.01,-10.01
6.38e+09,-10,OFF,AC,É¨Æµ,OFF,0,-10.02,-10.02
6.39e+09,-10,OFF,AC,É¨Æµ,OFF,0,-10.02,-10.02
6.4e+09,-10,OFF,AC,É¨Æµ,OFF,0,-10.02,-10.02
6.41e+09,-10,OFF,AC,É¨Æµ,OFF,0,-9.99,-9.99
6.42e+09,-10,OFF,AC,É¨Æµ,OFF,0,-9.99,-9.99
6.43e+09,-10,OFF,AC,É¨Æµ,OFF,0,-9.99,-9.99
6.44e+09,-10,OFF,AC,É¨Æµ,OFF,0,-10,-10
6.45e+09,-10,OFF,AC,É¨Æµ,OFF,0,-10.01,-10.01
6.46e+09,-10,OFF,AC,É¨Æµ,OFF,0,-10.03,-10.03
6.47e+09,-10,OFF,AC,É¨Æµ,OFF,0,-10.03,-10.03
6.48e+09,-10,OFF,AC,É¨Æµ,OFF,0,-10,-10
6.49e+09,-10,OFF,AC,É¨Æµ,OFF,0,-9.97,-9.97
6.5e+09,-10,OFF,AC,É¨Æµ,OFF,0,-10.01,-10.01
6.51e+09,-10,OFF,AC,É¨Æµ,OFF,0,-10.01,-10.01
6.52e+09,-10,OFF,AC,É¨Æµ,OFF,0,-10,-10
6.53e+09,-10,OFF,AC,É¨Æµ,OFF,0,-10,-10
6.54e+09,-10,OFF,AC,É¨Æµ,OFF,0,-10.01,-10.01
6.55e+09,-10,OFF,AC,É¨Æµ,OFF,0,-10.01,-10.01
6.56e+09,-10,OFF,AC,É¨Æµ,OFF,0,-10.02,-10.02
6.57e+09,-10,OFF,AC,É¨Æµ,OFF,0,-10,-10
6.58e+09,-10,OFF,AC,É¨Æµ,OFF,0,-9.99,-9.99
6.59e+09,-10,OFF,AC,É¨Æµ,OFF,0,-10.01,-10.01
6.6e+09,-10,OFF,AC,É¨Æµ,OFF,0,-10,-10
6.61e+09,-10,OFF,AC,É¨Æµ,OFF,0,-9.99,-9.99
6.62e+09,-10,OFF,AC,É¨Æµ,OFF,0,-10.01,-10.01
6.63e+09,-10,OFF,AC,É¨Æµ,OFF,0,-10.04,-10.04
6.64e+09,-10,OFF,AC,É¨Æµ,OFF,0,-10.04,-10.04
6.65e+09,-10,OFF,AC,É¨Æµ,OFF,0,-10.01,-10.01
6.66e+09,-10,OFF,AC,É¨Æµ,OFF,0,-9.99,-9.99
6.67e+09,-10,OFF,AC,É¨Æµ,OFF,0,-10,-10
6.68e+09,-10,OFF,AC,É¨Æµ,OFF,0,-10.03,-10.03
6.69e+09,-10,OFF,AC,É¨Æµ,OFF,0,-10.05,-10.05
6.7e+09,-10,OFF,AC,É¨Æµ,OFF,0,-10.03,-10.03
6.71e+09,-10,OFF,AC,É¨Æµ,OFF,0,-10.03,-10.03
6.72e+09,-10,OFF,AC,É¨Æµ,OFF,0,-10.02,-10.02
6.73e+09,-10,OFF,AC,É¨Æµ,OFF,0,-10.03,-10.03
6.74e+09,-10,OFF,AC,É¨Æµ,OFF,0,-10.05,-10.05
6.75e+09,-10,OFF,AC,É¨Æµ,OFF,0,-10.04,-10.04
6.76e+09,-10,OFF,AC,É¨Æµ,OFF,0,-10.08,-10.08
6.77e+09,-10,OFF,AC,É¨Æµ,OFF,0,-10.08,-10.08
6.78e+09,-10,OFF,AC,É¨Æµ,OFF,0,-10.05,-10.05
6.79e+09,-10,OFF,AC,É¨Æµ,OFF,0,-10.04,-10.04
6.8e+09,-10,OFF,AC,É¨Æµ,OFF,0,-10.05,-10.05
6.81e+09,-10,OFF,AC,É¨Æµ,OFF,0,-10.05,-10.05
6.82e+09,-10,OFF,AC,É¨Æµ,OFF,0,-10.05,-10.05
6.83e+09,-10,OFF,AC,É¨Æµ,OFF,0,-10.05,-10.05
6.84e+09,-10,OFF,AC,É¨Æµ,OFF,0,-10.04,-10.04
6.85e+09,-10,OFF,AC,É¨Æµ,OFF,0,-10.05,-10.05
6.86e+09,-10,OFF,AC,É¨Æµ,OFF,0,-10.05,-10.05
6.87e+09,-10,OFF,AC,É¨Æµ,OFF,0,-10.05,-10.05
6.88e+09,-10,OFF,AC,É¨Æµ,OFF,0,-10.07,-10.07
6.89e+09,-10,OFF,AC,É¨Æµ,OFF,0,-10.07,-10.07
6.9e+09,-10,OFF,AC,É¨Æµ,OFF,0,-10.05,-10.05
6.91e+09,-10,OFF,AC,É¨Æµ,OFF,0,-10.07,-10.07
6.92e+09,-10,OFF,AC,É¨Æµ,OFF,0,-10.05,-10.05
6.93e+09,-10,OFF,AC,É¨Æµ,OFF,0,-10.04,-10.04
6.94e+09,-10,OFF,AC,É¨Æµ,OFF,0,-10.03,-10.03
6.95e+09,-10,OFF,AC,É¨Æµ,OFF,0,-10.05,-10.05
6.96e+09,-10,OFF,AC,É¨Æµ,OFF,0,-10.05,-10.05
6.97e+09,-10,OFF,AC,É¨Æµ,OFF,0,-10.04,-10.04
6.98e+09,-10,OFF,AC,É¨Æµ,OFF,0,-10.02,-10.02
6.99e+09,-10,OFF,AC,É¨Æµ,OFF,0,-10.02,-10.02
7e+09,-10,OFF,AC,É¨Æµ,OFF,0,-10.04,-10.04
7.01e+09,-10,OFF,AC,É¨Æµ,OFF,0,-10.05,-10.05
7.02e+09,-10,OFF,AC,É¨Æµ,OFF,0,-10.06,-10.06
7.03e+09,-10,OFF,AC,É¨Æµ,OFF,0,-10.06,-10.06
7.04e+09,-10,OFF,AC,É¨Æµ,OFF,0,-10.05,-10.05
7.05e+09,-10,OFF,AC,É¨Æµ,OFF,0,-10.04,-10.04
7.06e+09,-10,OFF,AC,É¨Æµ,OFF,0,-10.04,-10.04
7.07e+09,-10,OFF,AC,É¨Æµ,OFF,0,-10.03,-10.03
7.08e+09,-10,OFF,AC,É¨Æµ,OFF,0,-10.01,-10.01
7.09e+09,-10,OFF,AC,É¨Æµ,OFF,0,-10,-10
7.1e+09,-10,OFF,AC,É¨Æµ,OFF,0,-10.03,-10.03
7.11e+09,-10,OFF,AC,É¨Æµ,OFF,0,-10.01,-10.01
7.12e+09,-10,OFF,AC,É¨Æµ,OFF,0,-10.02,-10.02
7.13e+09,-10,OFF,AC,É¨Æµ,OFF,0,-10.03,-10.03
7.14e+09,-10,OFF,AC,É¨Æµ,OFF,0,-10.04,-10.04
7.15e+09,-10,OFF,AC,É¨Æµ,OFF,0,-10.03,-10.03
7.16e+09,-10,OFF,AC,É¨Æµ,OFF,0,-10.01,-10.01
7.17e+09,-10,OFF,AC,É¨Æµ,OFF,0,-10.01,-10.01
7.18e+09,-10,OFF,AC,É¨Æµ,OFF,0,-10.04,-10.04
7.19e+09,-10,OFF,AC,É¨Æµ,OFF,0,-10.05,-10.05
7.2e+09,-10,OFF,AC,É¨Æµ,OFF,0,-10.03,-10.03
7.21e+09,-10,OFF,AC,É¨Æµ,OFF,0,-10.03,-10.03
7.22e+09,-10,OFF,AC,É¨Æµ,OFF,0,-10.01,-10.01
7.23e+09,-10,OFF,AC,É¨Æµ,OFF,0,-10,-10
7.24e+09,-10,OFF,AC,É¨Æµ,OFF,0,-10.02,-10.02
7.25e+09,-10,OFF,AC,É¨Æµ,OFF,0,-10.04,-10.04
7.26e+09,-10,OFF,AC,É¨Æµ,OFF,0,-10.04,-10.04
7.27e+09,-10,OFF,AC,É¨Æµ,OFF,0,-10.06,-10.06
7.28e+09,-10,OFF,AC,É¨Æµ,OFF,0,-10.05,-10.05
7.29e+09,-10,OFF,AC,É¨Æµ,OFF,0,-10.02,-10.02
7.3e+09,-10,OFF,AC,É¨Æµ,OFF,0,-10.05,-10.05
7.31e+09,-10,OFF,AC,É¨Æµ,OFF,0,-10.02,-10.02
7.32e+09,-10,OFF,AC,É¨Æµ,OFF,0,-10.06,-10.06
7.33e+09,-10,OFF,AC,É¨Æµ,OFF,0,-10.1,-10.1
7.34e+09,-10,OFF,AC,É¨Æµ,OFF,0,-10.11,-10.11
7.35e+09,-10,OFF,AC,É¨Æµ,OFF,0,-10.05,-10.05
7.36e+09,-10,OFF,AC,É¨Æµ,OFF,0,-10.04,-10.04
7.37e+09,-10,OFF,AC,É¨Æµ,OFF,0,-10.04,-10.04
7.38e+09,-10,OFF,AC,É¨Æµ,OFF,0,-10.05,-10.05
7.39e+09,-10,OFF,AC,É¨Æµ,OFF,0,-10.06,-10.06
7.4e+09,-10,OFF,AC,É¨Æµ,OFF,0,-10.04,-10.04
7.41e+09,-10,OFF,AC,É¨Æµ,OFF,0,-10.05,-10.05
7.42e+09,-10,OFF,AC,É¨Æµ,OFF,0,-10.06,-10.06
7.43e+09,-10,OFF,AC,É¨Æµ,OFF,0,-10.03,-10.03
7.44e+09,-10,OFF,AC,É¨Æµ,OFF,0,-10.01,-10.01
7.45e+09,-10,OFF,AC,É¨Æµ,OFF,0,-10.05,-10.05
7.46e+09,-10,OFF,AC,É¨Æµ,OFF,0,-10.07,-10.07
7.47e+09,-10,OFF,AC,É¨Æµ,OFF,0,-10.07,-10.07
7.48e+09,-10,OFF,AC,É¨Æµ,OFF,0,-10.03,-10.03
7.49e+09,-10,OFF,AC,É¨Æµ,OFF,0,-10.02,-10.02
7.5e+09,-10,OFF,AC,É¨Æµ,OFF,0,-10.04,-10.04
7.51e+09,-10,OFF,AC,É¨Æµ,OFF,0,-10.07,-10.07
7.52e+09,-10,OFF,AC,É¨Æµ,OFF,0,-10.05,-10.05
7.53e+09,-10,OFF,AC,É¨Æµ,OFF,0,-10.04,-10.04
7.54e+09,-10,OFF,AC,É¨Æµ,OFF,0,-10.05,-10.05
7.55e+09,-10,OFF,AC,É¨Æµ,OFF,0,-10.04,-10.04
7.56e+09,-10,OFF,AC,É¨Æµ,OFF,0,-10,-10
7.57e+09,-10,OFF,AC,É¨Æµ,OFF,0,-10.01,-10.01
7.58e+09,-10,OFF,AC,É¨Æµ,OFF,0,-10.05,-10.05
7.59e+09,-10,OFF,AC,É¨Æµ,OFF,0,-10.05,-10.05
7.6e+09,-10,OFF,AC,É¨Æµ,OFF,0,-10.02,-10.02
7.61e+09,-10,OFF,AC,É¨Æµ,OFF,0,-9.99,-9.99
7.62e+09,-10,OFF,AC,É¨Æµ,OFF,0,-10,-10
7.63e+09,-10,OFF,AC,É¨Æµ,OFF,0,-10.03,-10.03
7.64e+09,-10,OFF,AC,É¨Æµ,OFF,0,-10.05,-10.05
7.65e+09,-10,OFF,AC,É¨Æµ,OFF,0,-10.03,-10.03
7.66e+09,-10,OFF,AC,É¨Æµ,OFF,0,-10.06,-10.06
7.67e+09,-10,OFF,AC,É¨Æµ,OFF,0,-10.05,-10.05
7.68e+09,-10,OFF,AC,É¨Æµ,OFF,0,-10.02,-10.02
7.69e+09,-10,OFF,AC,É¨Æµ,OFF,0,-10.01,-10.01
7.7e+09,-10,OFF,AC,É¨Æµ,OFF,0,-10.03,-10.03
7.71e+09,-10,OFF,AC,É¨Æµ,OFF,0,-10.03,-10.03
7.72e+09,-10,OFF,AC,É¨Æµ,OFF,0,-10.04,-10.04
7.73e+09,-10,OFF,AC,É¨Æµ,OFF,0,-10.03,-10.03
7.74e+09,-10,OFF,AC,É¨Æµ,OFF,0,-10.01,-10.01
7.75e+09,-10,OFF,AC,É¨Æµ,OFF,0,-10.03,-10.03
7.76e+09,-10,OFF,AC,É¨Æµ,OFF,0,-10.01,-10.01
7.77e+09,-10,OFF,AC,É¨Æµ,OFF,0,-10.02,-10.02
7.78e+09,-10,OFF,AC,É¨Æµ,OFF,0,-10.05,-10.05
7.79e+09,-10,OFF,AC,É¨Æµ,OFF,0,-10.05,-10.05
7.8e+09,-10,OFF,AC,É¨Æµ,OFF,0,-10.03,-10.03
7.81e+09,-10,OFF,AC,É¨Æµ,OFF,0,-10.04,-10.04
7.82e+09,-10,OFF,AC,É¨Æµ,OFF,0,-10.02,-10.02
7.83e+09,-10,OFF,AC,É¨Æµ,OFF,0,-10.01,-10.01
7.84e+09,-10,OFF,AC,É¨Æµ,OFF,0,-10.02,-10.02
7.85e+09,-10,OFF,AC,É¨Æµ,OFF,0,-10.02,-10.02
7.86e+09,-10,OFF,AC,É¨Æµ,OFF,0,-10.02,-10.02
7.87e+09,-10,OFF,AC,É¨Æµ,OFF,0,-10.02,-10.02
7.88e+09,-10,OFF,AC,É¨Æµ,OFF,0,-10.01,-10.01
7.89e+09,-10,OFF,AC,É¨Æµ,OFF,0,-9.99,-9.99
7.9e+09,-10,OFF,AC,É¨Æµ,OFF,0,-10.02,-10.02
7.91e+09,-10,OFF,AC,É¨Æµ,OFF,0,-10.01,-10.01
7.92e+09,-10,OFF,AC,É¨Æµ,OFF,0,-10,-10
7.93e+09,-10,OFF,AC,É¨Æµ,OFF,0,-9.99,-9.99
7.94e+09,-10,OFF,AC,É¨Æµ,OFF,0,-9.99,-9.99
7.95e+09,-10,OFF,AC,É¨Æµ,OFF,0,-10,-10
7.96e+09,-10,OFF,AC,É¨Æµ,OFF,0,-10.01,-10.01
7.97e+09,-10,OFF,AC,É¨Æµ,OFF,0,-10.01,-10.01
7.98e+09,-10,OFF,AC,É¨Æµ,OFF,0,-10.01,-10.01
7.99e+09,-10,OFF,AC,É¨Æµ,OFF,0,-10.01,-10.01
8e+09,-10,OFF,AC,É¨Æµ,OFF,0,-9.99,-9.99
8.01e+09,-10,OFF,AC,É¨Æµ,OFF,0,-9.99,-9.99
8.02e+09,-10,OFF,AC,É¨Æµ,OFF,0,-9.98,-9.98
8.03e+09,-10,OFF,AC,É¨Æµ,OFF,0,-9.98,-9.98
8.04e+09,-10,OFF,AC,É¨Æµ,OFF,0,-9.98,-9.98
8.05e+09,-10,OFF,AC,É¨Æµ,OFF,0,-9.99,-9.99
8.06e+09,-10,OFF,AC,É¨Æµ,OFF,0,-10,-10
8.07e+09,-10,OFF,AC,É¨Æµ,OFF,0,-9.99,-9.99
8.08e+09,-10,OFF,AC,É¨Æµ,OFF,0,-9.98,-9.98
8.09e+09,-10,OFF,AC,É¨Æµ,OFF,0,-9.98,-9.98
8.1e+09,-10,OFF,AC,É¨Æµ,OFF,0,-9.98,-9.98
8.11e+09,-10,OFF,AC,É¨Æµ,OFF,0,-9.98,-9.98
8.12e+09,-10,OFF,AC,É¨Æµ,OFF,0,-9.98,-9.98
8.13e+09,-10,OFF,AC,É¨Æµ,OFF,0,-9.98,-9.98
8.14e+09,-10,OFF,AC,É¨Æµ,OFF,0,-9.98,-9.98
8.15e+09,-10,OFF,AC,É¨Æµ,OFF,0,-9.98,-9.98
8.16e+09,-10,OFF,AC,É¨Æµ,OFF,0,-9.97,-9.97
8.17e+09,-10,OFF,AC,É¨Æµ,OFF,0,-9.98,-9.98
8.18e+09,-10,OFF,AC,É¨Æµ,OFF,0,-9.99,-9.99
8.19e+09,-10,OFF,AC,É¨Æµ,OFF,0,-10.01,-10.01
8.2e+09,-10,OFF,AC,É¨Æµ,OFF,0,-9.99,-9.99
